<?xml version="1.0" encoding="UTF-8"?>
<beans xmlns="http://www.springframework.org/schema/beans"
       xmlns:xsi="http://www.w3.org/2001/XMLSchema-instance"
       xmlns:context="http://www.springframework.org/schema/context" xmlns:tx="http://www.springframework.org/schema/tx"
       xmlns:aop="http://www.springframework.org/schema/aop"
       xsi:schemaLocation="http://www.springframework.org/schema/beans http://www.springframework.org/schema/beans/spring-beans.xsd http://www.springframework.org/schema/context https://www.springframework.org/schema/context/spring-context.xsd http://www.springframework.org/schema/tx http://www.springframework.org/schema/tx/spring-tx.xsd http://www.springframework.org/schema/aop https://www.springframework.org/schema/aop/spring-aop.xsd">
    <!--第一部分：-->
    <context:property-placeholder location="classpath:jdbc.properties"></context:property-placeholder>

    <bean id="dataSourceDruid" class="com.alibaba.druid.pool.DruidDataSource">
        <property name="driverClassName" value="${jdbc.driver}"></property>
        <property name="url" value="${jdbc.url}"></property>
        <property name="username" value="${jdbc.username}"></property>
        <property name="password" value="${jdbc.password}"></property>
    </bean>

    <bean id="txManager" class="org.springframework.jdbc.datasource.DataSourceTransactionManager">
        <property name="dataSource" ref="dataSourceDruid"></property>
    </bean>

    <tx:annotation-driven transaction-manager="txManager"></tx:annotation-driven>

    <!--第二部分：-->
    <context:component-scan base-package="com.qiushui.crm.settings.service,
                                          com.qiushui.crm.workbench.service"></context:component-scan>

    <!--第三部分：-->
    <bean class="org.mybatis.spring.SqlSessionFactoryBean">
        <property name="dataSource" ref="dataSourceDruid"></property>
        <property name="configLocation" value="classpath:mybatis-config.xml"></property>
        <property name="typeAliasesPackage" value="com.qiushui.crm.pojo"></property>
    </bean>
    <bean class="org.mybatis.spring.mapper.MapperScannerConfigurer">
        <property name="basePackage" value="com.qiushui.crm.web.mapper,
        com.qiushui.crm.settings.mapper,com.qiushui.crm.workbench.mapper"></property>
    </bean>

    <!--第四部分：切面aspects-->
    <aop:aspectj-autoproxy proxy-target-class="true"></aop:aspectj-autoproxy>
</beans>
