<?xml version="1.0" encoding="UTF-8"?>
<!DOCTYPE mapper PUBLIC "-//mybatis.org//DTD Mapper 3.0//EN" "http://mybatis.org/dtd/mybatis-3-mapper.dtd">
<mapper namespace="com.qiushui.crm.workbench.mapper.TransactionMapper">
  <resultMap id="BaseResultMap" type="com.qiushui.crm.workbench.pojo.Transaction">
    <id column="id" jdbcType="CHAR" property="id" />
    <result column="owner" jdbcType="CHAR" property="owner" />
    <result column="money" jdbcType="VARCHAR" property="money" />
    <result column="name" jdbcType="VARCHAR" property="name" />
    <result column="expected_date" jdbcType="CHAR" property="expectedDate" />
    <result column="customer_id" jdbcType="CHAR" property="customerId" />
    <result column="stage" jdbcType="VARCHAR" property="stage" />
    <result column="type" jdbcType="VARCHAR" property="type" />
    <result column="source" jdbcType="VARCHAR" property="source" />
    <result column="activity_id" jdbcType="CHAR" property="activityId" />
    <result column="contacts_id" jdbcType="CHAR" property="contactsId" />
    <result column="create_by" jdbcType="VARCHAR" property="createBy" />
    <result column="create_time" jdbcType="CHAR" property="createTime" />
    <result column="edit_by" jdbcType="VARCHAR" property="editBy" />
    <result column="edit_time" jdbcType="CHAR" property="editTime" />
    <result column="description" jdbcType="VARCHAR" property="description" />
    <result column="contact_summary" jdbcType="VARCHAR" property="contactSummary" />
    <result column="next_contact_time" jdbcType="CHAR" property="nextContactTime" />
  </resultMap>

  <delete id="deleteByPrimaryKey" parameterType="java.lang.String">
    delete from tbl_tran
    where id = #{id,jdbcType=CHAR}
  </delete>

  <insert id="insertOriginData" parameterType="com.qiushui.crm.workbench.pojo.Transaction">
    insert into tbl_tran (id, owner, money, name,
      expected_date, customer_id, stage,
      type, source, activity_id,
      contacts_id, create_by, create_time,description,
      contact_summary, next_contact_time)
    values (#{id,jdbcType=CHAR}, #{owner,jdbcType=CHAR}, #{money,jdbcType=VARCHAR}, #{name,jdbcType=VARCHAR},
      #{expectedDate,jdbcType=CHAR}, #{customerId,jdbcType=CHAR}, #{stage,jdbcType=VARCHAR},
      #{type,jdbcType=VARCHAR}, #{source,jdbcType=VARCHAR}, #{activityId,jdbcType=CHAR},
      #{contactsId,jdbcType=CHAR}, #{createBy,jdbcType=VARCHAR}, #{createTime,jdbcType=CHAR},
      #{description,jdbcType=VARCHAR}, #{contactSummary,jdbcType=VARCHAR}, #{nextContactTime,jdbcType=CHAR})
  </insert>

  <update id="updateByPrimaryKey" parameterType="com.qiushui.crm.workbench.pojo.Transaction">
    update tbl_tran
    set owner = #{owner,jdbcType=CHAR},
      money = #{money,jdbcType=VARCHAR},
      name = #{name,jdbcType=VARCHAR},
      expected_date = #{expectedDate,jdbcType=CHAR},
      customer_id = #{customerId,jdbcType=CHAR},
      stage = #{stage,jdbcType=VARCHAR},
      type = #{type,jdbcType=VARCHAR},
      source = #{source,jdbcType=VARCHAR},
      activity_id = #{activityId,jdbcType=CHAR},
      contacts_id = #{contactsId,jdbcType=CHAR},
      create_by = #{createBy,jdbcType=VARCHAR},
      create_time = #{createTime,jdbcType=CHAR},
      edit_by = #{editBy,jdbcType=VARCHAR},
      edit_time = #{editTime,jdbcType=CHAR},
      description = #{description,jdbcType=VARCHAR},
      contact_summary = #{contactSummary,jdbcType=VARCHAR},
      next_contact_time = #{nextContactTime,jdbcType=CHAR}
    where id = #{id,jdbcType=CHAR}
  </update>

  <select id="selectModifyDataByPrimaryKey" parameterType="java.lang.String" resultMap="BaseResultMap">
    select tr.id, u1.name as owner, tr.money, tr.name, tr.expected_date, c.name as customer_id,
           dv1.value as stage, dv2.value as type, dv3.value as source,
    act.name as activity_id,con.fullname as contacts_id,u2.name as create_by, tr.create_time,
    u3.name as edit_by, tr.edit_time, tr.description, tr.contact_summary,tr.next_contact_time
    from tbl_tran tr
    join tbl_user u1 on u1.id=tr.owner
    join tbl_user u2 on u2.id=tr.create_by
    left join tbl_user u3 on u3.id=tr.edit_by
    join tbl_customer c on c.id=tr.customer_id
    left join tbl_dic_value dv1 on dv1.id=tr.stage
    left join tbl_dic_value dv2 on dv2.id=tr.type
    left join tbl_dic_value dv3 on dv3.id=tr.source
    join tbl_activity act on act.id=tr.activity_id
    join tbl_contacts con on con.id=tr.contacts_id
    where tr.id = #{id,jdbcType=CHAR}
  </select>

  <select id="selectAll" resultMap="BaseResultMap">
    select id, owner, money, name, expected_date, customer_id, stage, type, source, activity_id,
    contacts_id, create_by, create_time, edit_by, edit_time, description, contact_summary,
    next_contact_time
    from tbl_tran
  </select>

  <select id="selectReturnChartPojoByGroupByStage" resultType="com.qiushui.crm.commons.pojo.ReturnChartObject">
    select count(*) as value,dv1.value as name
    from tbl_tran tr
    left join tbl_dic_value dv1 on dv1.id=tr.stage
    group by dv1.value
  </select>
</mapper>
