<?xml version="1.0" encoding="UTF-8"?>
<!DOCTYPE mapper PUBLIC "-//mybatis.org//DTD Mapper 3.0//EN" "http://mybatis.org/dtd/mybatis-3-mapper.dtd">
<mapper namespace="com.qiushui.crm.workbench.mapper.TransactionHistoryMapper">
  <resultMap id="BaseResultMap" type="com.qiushui.crm.workbench.pojo.TransactionHistory">
    <id column="id" jdbcType="CHAR" property="id" />
    <result column="stage" jdbcType="VARCHAR" property="stage" />
    <result column="money" jdbcType="VARCHAR" property="money" />
    <result column="expected_date" jdbcType="CHAR" property="expectedDate" />
    <result column="create_time" jdbcType="CHAR" property="createTime" />
    <result column="create_by" jdbcType="VARCHAR" property="createBy" />
    <result column="tran_id" jdbcType="CHAR" property="tranId" />
  </resultMap>

  <delete id="deleteByPrimaryKey" parameterType="java.lang.String">
    delete from tbl_tran_history
    where id = #{id,jdbcType=CHAR}
  </delete>

  <insert id="insertOriginData" parameterType="com.qiushui.crm.workbench.pojo.TransactionHistory">
    insert into tbl_tran_history (id, stage, money,
      expected_date, create_time, create_by,
      tran_id)
    values (#{id,jdbcType=CHAR}, #{stage,jdbcType=VARCHAR}, #{money,jdbcType=VARCHAR},
      #{expectedDate,jdbcType=CHAR}, #{createTime,jdbcType=CHAR}, #{createBy,jdbcType=VARCHAR},
      #{tranId,jdbcType=CHAR})
  </insert>

  <update id="updateByPrimaryKey" parameterType="com.qiushui.crm.workbench.pojo.TransactionHistory">
    update tbl_tran_history
    set stage = #{stage,jdbcType=VARCHAR},
      money = #{money,jdbcType=VARCHAR},
      expected_date = #{expectedDate,jdbcType=CHAR},
      create_time = #{createTime,jdbcType=CHAR},
      create_by = #{createBy,jdbcType=VARCHAR},
      tran_id = #{tranId,jdbcType=CHAR}
    where id = #{id,jdbcType=CHAR}
  </update>

  <select id="selectByPrimaryKey" parameterType="java.lang.String" resultMap="BaseResultMap">
    select id, stage, money, expected_date, create_time, create_by, tran_id
    from tbl_tran_history
    where id = #{id,jdbcType=CHAR}
  </select>

  <select id="selectModifyDataByTranId" resultMap="BaseResultMap">
    select th.id, dv1.value as stage, th.money, th.expected_date, th.create_time, u1.name as create_by
    from tbl_tran_history th
    join tbl_user u1 on u1.id=th.create_by
    left join tbl_dic_value dv1 on dv1.id=th.stage
    where th.tran_id=#{id}
  </select>

</mapper>
